{"cameraMode":{"drawMode":0,"name":"Shaded","section":"Shading Mode"},"sceneLighting":true,"audioPlay":false,"sceneViewState":{"m_AlwaysRefresh":false,"showFog":true,"showSkybox":true,"showFlares":true,"showImageEffects":true,"showParticleSystems":true,"showVisualEffectGraphs":true,"m_FxEnabled":true},"in2DMode":false,"pivot":{"x":166.62416076660157,"y":3.8341562747955324,"z":-8.483272552490235},"rotation":{"x":0.013309446163475514,"y":0.16719838976860047,"z":-0.0022610602900385858,"w":0.9858593344688416},"size":6.559638500213623,"orthographic":false}