{"cameraMode":{"drawMode":0,"name":"Shaded","section":"Shading Mode"},"sceneLighting":true,"audioPlay":false,"sceneViewState":{"m_AlwaysRefresh":false,"showFog":true,"showSkybox":true,"showFlares":true,"showImageEffects":true,"showParticleSystems":true,"showVisualEffectGraphs":true,"m_FxEnabled":true},"in2DMode":false,"pivot":{"x":30.23029327392578,"y":3.2199466228485109,"z":1.3106898069381714},"rotation":{"x":0.07632676512002945,"y":0.05082627385854721,"z":-0.003946874290704727,"w":0.9958226084709168},"size":2.159315347671509,"orthographic":false}