{"cameraMode":{"drawMode":0,"name":"Shaded","section":"Shading Mode"},"sceneLighting":true,"audioPlay":false,"sceneViewState":{"m_AlwaysRefresh":false,"showFog":true,"showSkybox":true,"showFlares":true,"showImageEffects":true,"showParticleSystems":true,"showVisualEffectGraphs":true,"m_FxEnabled":true},"in2DMode":false,"pivot":{"x":16.4058780670166,"y":3.969877243041992,"z":-0.0026073455810546877},"rotation":{"x":-0.02549813687801361,"y":0.008997862227261067,"z":0.00018252582231070846,"w":0.9996875524520874},"size":1.8658549785614014,"orthographic":false}