{"cameraMode":{"drawMode":0,"name":"Shaded","section":"Shading Mode"},"sceneLighting":true,"audioPlay":false,"sceneViewState":{"m_AlwaysRefresh":false,"showFog":true,"showSkybox":true,"showFlares":true,"showImageEffects":true,"showParticleSystems":true,"showVisualEffectGraphs":true,"m_FxEnabled":true},"in2DMode":false,"pivot":{"x":13.067464828491211,"y":-0.8308844566345215,"z":56.596168518066409},"rotation":{"x":0.06145273894071579,"y":-0.01796729676425457,"z":0.0011022752150893212,"w":0.9979701042175293},"size":40.416534423828128,"orthographic":false}