{"cameraMode":{"drawMode":0,"name":"Shaded","section":"Shading Mode"},"sceneLighting":true,"audioPlay":false,"sceneViewState":{"m_AlwaysRefresh":false,"showFog":true,"showSkybox":true,"showFlares":true,"showImageEffects":true,"showParticleSystems":true,"showVisualEffectGraphs":true,"m_FxEnabled":true},"in2DMode":false,"pivot":{"x":14.971635818481446,"y":4.281518459320068,"z":9.325753211975098},"rotation":{"x":0.004542155656963587,"y":-0.000008288790922961198,"z":0.000003841133548121434,"w":1.0000028610229493},"size":14.428452491760254,"orthographic":false}