{"cameraMode":{"drawMode":0,"name":"Shaded","section":"Shading Mode"},"sceneLighting":true,"audioPlay":false,"sceneViewState":{"m_AlwaysRefresh":false,"showFog":true,"showSkybox":true,"showFlares":true,"showImageEffects":true,"showParticleSystems":true,"showVisualEffectGraphs":true,"m_FxEnabled":true},"in2DMode":false,"pivot":{"x":15.944204330444336,"y":2.3139395713806154,"z":1.3560495376586915},"rotation":{"x":0.088373564183712,"y":-0.017931975424289705,"z":0.00154821015894413,"w":0.9959523677825928},"size":2.159315347671509,"orthographic":false}